{"type": "block", "layer": 1, "block": 19, "features": [{"geom": {"polygons": [[[[0.001084752115957599, 0.01565342035944184], [0.0012015521159582931, 0.01563932035944049], [0.0011745521159696182, 0.015509620359438259], [0.0011597521159671942, 0.015432720359441987], [0.001244352115975289, 0.015422520359436476], [0.0012267521159685657, 0.015331920359436424], [0.0010270521159725376, 0.015356120359442116], [0.001084752115957599, 0.01565342035944184]]]], "centroids": [[0.0011282116909683282, 0.01547698170302425, 0.0]], "h": 0.000369}, "mtl": {"face": 0}}], "featureCount": 1, "startIndex": 950}